[{"paths": ["group1-shard1of1"], "weights": [{"name": "MobilenetV1/Conv2d_0/weights", "shape": [3, 3, 3, 8], "dtype": "float32"}, {"name": "MobilenetV1/MobilenetV1/Conv2d_0/BatchNorm/batchnorm/mul", "shape": [8], "dtype": "float32"}, {"name": "MobilenetV1/MobilenetV1/Conv2d_0/BatchNorm/batchnorm/sub", "shape": [8], "dtype": "float32"}, {"name": "MobilenetV1/Conv2d_1_depthwise/depthwise_weights", "shape": [3, 3, 8, 1], "dtype": "float32"}, {"name": "MobilenetV1/MobilenetV1/Conv2d_1_depthwise/BatchNorm/batchnorm/mul", "shape": [8], "dtype": "float32"}, {"name": "MobilenetV1/MobilenetV1/Conv2d_1_depthwise/BatchNorm/batchnorm/sub", "shape": [8], "dtype": "float32"}, {"name": "MobilenetV1/Conv2d_1_pointwise/weights", "shape": [1, 1, 8, 16], "dtype": "float32"}, {"name": "MobilenetV1/MobilenetV1/Conv2d_1_pointwise/BatchNorm/batchnorm/mul", "shape": [16], "dtype": "float32"}, {"name": "MobilenetV1/MobilenetV1/Conv2d_1_pointwise/BatchNorm/batchnorm/sub", "shape": [16], "dtype": "float32"}, {"name": "MobilenetV1/Conv2d_2_depthwise/depthwise_weights", "shape": [3, 3, 16, 1], "dtype": "float32"}, {"name": "MobilenetV1/MobilenetV1/Conv2d_2_depthwise/BatchNorm/batchnorm/mul", "shape": [16], "dtype": "float32"}, {"name": "MobilenetV1/MobilenetV1/Conv2d_2_depthwise/BatchNorm/batchnorm/sub", "shape": [16], "dtype": "float32"}, {"name": "MobilenetV1/Conv2d_2_pointwise/weights", "shape": [1, 1, 16, 32], "dtype": "float32"}, {"name": "MobilenetV1/MobilenetV1/Conv2d_2_pointwise/BatchNorm/batchnorm/mul", "shape": [32], "dtype": "float32"}, {"name": "MobilenetV1/MobilenetV1/Conv2d_2_pointwise/BatchNorm/batchnorm/sub", "shape": [32], "dtype": "float32"}, {"name": "MobilenetV1/Conv2d_3_depthwise/depthwise_weights", "shape": [3, 3, 32, 1], "dtype": "float32"}, {"name": "MobilenetV1/MobilenetV1/Conv2d_3_depthwise/BatchNorm/batchnorm/mul", "shape": [32], "dtype": "float32"}, {"name": "MobilenetV1/MobilenetV1/Conv2d_3_depthwise/BatchNorm/batchnorm/sub", "shape": [32], "dtype": "float32"}, {"name": "MobilenetV1/Conv2d_3_pointwise/weights", "shape": [1, 1, 32, 32], "dtype": "float32"}, {"name": "MobilenetV1/MobilenetV1/Conv2d_3_pointwise/BatchNorm/batchnorm/mul", "shape": [32], "dtype": "float32"}, {"name": "MobilenetV1/MobilenetV1/Conv2d_3_pointwise/BatchNorm/batchnorm/sub", "shape": [32], "dtype": "float32"}, {"name": "MobilenetV1/Conv2d_4_depthwise/depthwise_weights", "shape": [3, 3, 32, 1], "dtype": "float32"}, {"name": "MobilenetV1/MobilenetV1/Conv2d_4_depthwise/BatchNorm/batchnorm/mul", "shape": [32], "dtype": "float32"}, {"name": "MobilenetV1/MobilenetV1/Conv2d_4_depthwise/BatchNorm/batchnorm/sub", "shape": [32], "dtype": "float32"}, {"name": "MobilenetV1/Conv2d_4_pointwise/weights", "shape": [1, 1, 32, 64], "dtype": "float32"}, {"name": "MobilenetV1/MobilenetV1/Conv2d_4_pointwise/BatchNorm/batchnorm/mul", "shape": [64], "dtype": "float32"}, {"name": "MobilenetV1/MobilenetV1/Conv2d_4_pointwise/BatchNorm/batchnorm/sub", "shape": [64], "dtype": "float32"}, {"name": "MobilenetV1/Conv2d_5_depthwise/depthwise_weights", "shape": [3, 3, 64, 1], "dtype": "float32"}, {"name": "MobilenetV1/MobilenetV1/Conv2d_5_depthwise/BatchNorm/batchnorm/mul", "shape": [64], "dtype": "float32"}, {"name": "MobilenetV1/MobilenetV1/Conv2d_5_depthwise/BatchNorm/batchnorm/sub", "shape": [64], "dtype": "float32"}, {"name": "MobilenetV1/Conv2d_5_pointwise/weights", "shape": [1, 1, 64, 64], "dtype": "float32"}, {"name": "MobilenetV1/MobilenetV1/Conv2d_5_pointwise/BatchNorm/batchnorm/mul", "shape": [64], "dtype": "float32"}, {"name": "MobilenetV1/MobilenetV1/Conv2d_5_pointwise/BatchNorm/batchnorm/sub", "shape": [64], "dtype": "float32"}, {"name": "MobilenetV1/Conv2d_6_depthwise/depthwise_weights", "shape": [3, 3, 64, 1], "dtype": "float32"}, {"name": "MobilenetV1/MobilenetV1/Conv2d_6_depthwise/BatchNorm/batchnorm/mul", "shape": [64], "dtype": "float32"}, {"name": "MobilenetV1/MobilenetV1/Conv2d_6_depthwise/BatchNorm/batchnorm/sub", "shape": [64], "dtype": "float32"}, {"name": "MobilenetV1/Conv2d_6_pointwise/weights", "shape": [1, 1, 64, 128], "dtype": "float32"}, {"name": "MobilenetV1/MobilenetV1/Conv2d_6_pointwise/BatchNorm/batchnorm/mul", "shape": [128], "dtype": "float32"}, {"name": "MobilenetV1/MobilenetV1/Conv2d_6_pointwise/BatchNorm/batchnorm/sub", "shape": [128], "dtype": "float32"}, {"name": "MobilenetV1/Conv2d_7_depthwise/depthwise_weights", "shape": [3, 3, 128, 1], "dtype": "float32"}, {"name": "MobilenetV1/MobilenetV1/Conv2d_7_depthwise/BatchNorm/batchnorm/mul", "shape": [128], "dtype": "float32"}, {"name": "MobilenetV1/MobilenetV1/Conv2d_7_depthwise/BatchNorm/batchnorm/sub", "shape": [128], "dtype": "float32"}, {"name": "MobilenetV1/Conv2d_7_pointwise/weights", "shape": [1, 1, 128, 128], "dtype": "float32"}, {"name": "MobilenetV1/MobilenetV1/Conv2d_7_pointwise/BatchNorm/batchnorm/mul", "shape": [128], "dtype": "float32"}, {"name": "MobilenetV1/MobilenetV1/Conv2d_7_pointwise/BatchNorm/batchnorm/sub", "shape": [128], "dtype": "float32"}, {"name": "MobilenetV1/Conv2d_8_depthwise/depthwise_weights", "shape": [3, 3, 128, 1], "dtype": "float32"}, {"name": "MobilenetV1/MobilenetV1/Conv2d_8_depthwise/BatchNorm/batchnorm/mul", "shape": [128], "dtype": "float32"}, {"name": "MobilenetV1/MobilenetV1/Conv2d_8_depthwise/BatchNorm/batchnorm/sub", "shape": [128], "dtype": "float32"}, {"name": "MobilenetV1/Conv2d_8_pointwise/weights", "shape": [1, 1, 128, 128], "dtype": "float32"}, {"name": "MobilenetV1/MobilenetV1/Conv2d_8_pointwise/BatchNorm/batchnorm/mul", "shape": [128], "dtype": "float32"}, {"name": "MobilenetV1/MobilenetV1/Conv2d_8_pointwise/BatchNorm/batchnorm/sub", "shape": [128], "dtype": "float32"}, {"name": "MobilenetV1/Conv2d_9_depthwise/depthwise_weights", "shape": [3, 3, 128, 1], "dtype": "float32"}, {"name": "MobilenetV1/MobilenetV1/Conv2d_9_depthwise/BatchNorm/batchnorm/mul", "shape": [128], "dtype": "float32"}, {"name": "MobilenetV1/MobilenetV1/Conv2d_9_depthwise/BatchNorm/batchnorm/sub", "shape": [128], "dtype": "float32"}, {"name": "MobilenetV1/Conv2d_9_pointwise/weights", "shape": [1, 1, 128, 128], "dtype": "float32"}, {"name": "MobilenetV1/MobilenetV1/Conv2d_9_pointwise/BatchNorm/batchnorm/mul", "shape": [128], "dtype": "float32"}, {"name": "MobilenetV1/MobilenetV1/Conv2d_9_pointwise/BatchNorm/batchnorm/sub", "shape": [128], "dtype": "float32"}, {"name": "MobilenetV1/Conv2d_10_depthwise/depthwise_weights", "shape": [3, 3, 128, 1], "dtype": "float32"}, {"name": "MobilenetV1/MobilenetV1/Conv2d_10_depthwise/BatchNorm/batchnorm/mul", "shape": [128], "dtype": "float32"}, {"name": "MobilenetV1/MobilenetV1/Conv2d_10_depthwise/BatchNorm/batchnorm/sub", "shape": [128], "dtype": "float32"}, {"name": "MobilenetV1/Conv2d_10_pointwise/weights", "shape": [1, 1, 128, 128], "dtype": "float32"}, {"name": "MobilenetV1/MobilenetV1/Conv2d_10_pointwise/BatchNorm/batchnorm/mul", "shape": [128], "dtype": "float32"}, {"name": "MobilenetV1/MobilenetV1/Conv2d_10_pointwise/BatchNorm/batchnorm/sub", "shape": [128], "dtype": "float32"}, {"name": "MobilenetV1/Conv2d_11_depthwise/depthwise_weights", "shape": [3, 3, 128, 1], "dtype": "float32"}, {"name": "MobilenetV1/MobilenetV1/Conv2d_11_depthwise/BatchNorm/batchnorm/mul", "shape": [128], "dtype": "float32"}, {"name": "MobilenetV1/MobilenetV1/Conv2d_11_depthwise/BatchNorm/batchnorm/sub", "shape": [128], "dtype": "float32"}, {"name": "MobilenetV1/Conv2d_11_pointwise/weights", "shape": [1, 1, 128, 128], "dtype": "float32"}, {"name": "MobilenetV1/MobilenetV1/Conv2d_11_pointwise/BatchNorm/batchnorm/mul", "shape": [128], "dtype": "float32"}, {"name": "MobilenetV1/MobilenetV1/Conv2d_11_pointwise/BatchNorm/batchnorm/sub", "shape": [128], "dtype": "float32"}, {"name": "MobilenetV1/Conv2d_12_depthwise/depthwise_weights", "shape": [3, 3, 128, 1], "dtype": "float32"}, {"name": "MobilenetV1/MobilenetV1/Conv2d_12_depthwise/BatchNorm/batchnorm/mul", "shape": [128], "dtype": "float32"}, {"name": "MobilenetV1/MobilenetV1/Conv2d_12_depthwise/BatchNorm/batchnorm/sub", "shape": [128], "dtype": "float32"}, {"name": "MobilenetV1/Conv2d_12_pointwise/weights", "shape": [1, 1, 128, 256], "dtype": "float32"}, {"name": "MobilenetV1/MobilenetV1/Conv2d_12_pointwise/BatchNorm/batchnorm/mul", "shape": [256], "dtype": "float32"}, {"name": "MobilenetV1/MobilenetV1/Conv2d_12_pointwise/BatchNorm/batchnorm/sub", "shape": [256], "dtype": "float32"}, {"name": "MobilenetV1/Conv2d_13_depthwise/depthwise_weights", "shape": [3, 3, 256, 1], "dtype": "float32"}, {"name": "MobilenetV1/MobilenetV1/Conv2d_13_depthwise/BatchNorm/batchnorm/mul", "shape": [256], "dtype": "float32"}, {"name": "MobilenetV1/MobilenetV1/Conv2d_13_depthwise/BatchNorm/batchnorm/sub", "shape": [256], "dtype": "float32"}, {"name": "MobilenetV1/Conv2d_13_pointwise/weights", "shape": [1, 1, 256, 256], "dtype": "float32"}, {"name": "MobilenetV1/MobilenetV1/Conv2d_13_pointwise/BatchNorm/batchnorm/mul", "shape": [256], "dtype": "float32"}, {"name": "MobilenetV1/MobilenetV1/Conv2d_13_pointwise/BatchNorm/batchnorm/sub", "shape": [256], "dtype": "float32"}, {"name": "MobilenetV1/Logits/Conv2d_1c_1x1/weights", "shape": [1, 1, 256, 1001], "dtype": "float32"}, {"name": "MobilenetV1/Logits/Conv2d_1c_1x1/biases", "shape": [1001], "dtype": "float32"}, {"name": "MobilenetV1/Predictions/Reshape/shape", "shape": [2], "dtype": "int32"}, {"name": "final_training_ops/weights/final_weights", "shape": [1001, 424], "dtype": "float32"}, {"name": "final_training_ops/biases/final_biases", "shape": [424], "dtype": "float32"}]}]